#timestamp [ns],filename
2235808518000,2235808518000.png
2235841851000,2235841851000.png
2235875180000,2235875180000.png
2235908520000,2235908520000.png
2235958521000,2235958521000.png
2236008523000,2236008523000.png
2236058524000,2236058524000.png
2236108525000,2236108525000.png
2236158527000,2236158527000.png
2236208529000,2236208529000.png
2236258524000,2236258524000.png
2236308531000,2236308531000.png
2236358532000,2236358532000.png
2236408534000,2236408534000.png
2236458536000,2236458536000.png
2236508537000,2236508537000.png
2236558538000,2236558538000.png
2236608539000,2236608539000.png
2236658541000,2236658541000.png
2236708542000,2236708542000.png
2236758538000,2236758538000.png
2236808545000,2236808545000.png
2236858542000,2236858542000.png
2236908548000,2236908548000.png
2236958554000,2236958554000.png
2237008546000,2237008546000.png
2237058552000,2237058552000.png
2237108549000,2237108549000.png
2237158555000,2237158555000.png